siteID,siteName,measure,activityLevel,value
01000,Belgium,SARS-CoV-2,Medium,0.000493
01000,Belgium,SARS-CoV-2,High,0.001201
01000,Belgium,SARS-CoV-2,Very_high,0.002607
10000,Antwerpen,SARS-CoV-2,Medium,0.001355
10000,Antwerpen,SARS-CoV-2,High,0.002242
10000,Antwerpen,SARS-CoV-2,Very_high,0.003147
20002,Brabant Wallon,SARS-CoV-2,Medium,0.00078
20002,Brabant Wallon,SARS-CoV-2,High,0.001806
20002,Brabant Wallon,SARS-CoV-2,Very_high,0.003455
50000,Hainaut,SARS-CoV-2,Medium,0.000578
50000,Hainaut,SARS-CoV-2,High,0.001271
50000,Hainaut,SARS-CoV-2,Very_high,0.001788
70000,Limburg,SARS-CoV-2,Medium,0.000327
70000,Limburg,SARS-CoV-2,High,0.001741
70000,Limburg,SARS-CoV-2,Very_high,0.00419
60000,Liège,SARS-CoV-2,Medium,0.000261
60000,Liège,SARS-CoV-2,High,0.001058
60000,Liège,SARS-CoV-2,Very_high,0.002559
80000,Luxembourg,SARS-CoV-2,Medium,0.000438
80000,Luxembourg,SARS-CoV-2,High,0.003055
80000,Luxembourg,SARS-CoV-2,Very_high,0.006547
90000,Namur,SARS-CoV-2,Medium,0.000664
90000,Namur,SARS-CoV-2,High,0.001921
90000,Namur,SARS-CoV-2,Very_high,0.003822
40000,Oost-Vlaanderen,SARS-CoV-2,Medium,0.000909
40000,Oost-Vlaanderen,SARS-CoV-2,High,0.00268
40000,Oost-Vlaanderen,SARS-CoV-2,Very_high,0.004165
20001,Vlaams-Brabant,SARS-CoV-2,Medium,0.000559
20001,Vlaams-Brabant,SARS-CoV-2,High,0.001274
20001,Vlaams-Brabant,SARS-CoV-2,Very_high,0.003284
30000,West-Vlaanderen,SARS-CoV-2,Medium,0.000919
30000,West-Vlaanderen,SARS-CoV-2,High,0.003075
30000,West-Vlaanderen,SARS-CoV-2,Very_high,0.004874
4000,Brussels-Capital region,SARS-CoV-2,Medium,0.000977
4000,Brussels-Capital region,SARS-CoV-2,High,0.002024
4000,Brussels-Capital region,SARS-CoV-2,Very_high,0.00335
2000,Flanders,SARS-CoV-2,Medium,0.000924
2000,Flanders,SARS-CoV-2,High,0.001741
2000,Flanders,SARS-CoV-2,Very_high,0.003154
3000,Wallonia,SARS-CoV-2,Medium,0.000437
3000,Wallonia,SARS-CoV-2,High,0.000899
3000,Wallonia,SARS-CoV-2,Very_high,0.001952
BE_F_TP_027,Aalst,SARS-CoV-2,Medium,0.001137
BE_F_TP_027,Aalst,SARS-CoV-2,High,0.004188
BE_F_TP_027,Aalst,SARS-CoV-2,Very_high,0.008018
BE_F_TP_055,Antwerpen-Noord,SARS-CoV-2,Medium,0.000384
BE_F_TP_055,Antwerpen-Noord,SARS-CoV-2,High,0.001603
BE_F_TP_055,Antwerpen-Noord,SARS-CoV-2,Very_high,0.004267
BE_F_TP_050,Antwerpen-Zuid,SARS-CoV-2,Medium,0.001013
BE_F_TP_050,Antwerpen-Zuid,SARS-CoV-2,High,0.002594
BE_F_TP_050,Antwerpen-Zuid,SARS-CoV-2,Very_high,0.004256
BERW8100101,Arlon,SARS-CoV-2,Medium,0.000246
BERW8100101,Arlon,SARS-CoV-2,High,0.001717
BERW8100101,Arlon,SARS-CoV-2,Very_high,0.004266
BERW2511201,Basse Wavre (Dyle),SARS-CoV-2,Medium,0.000638
BERW2511201,Basse Wavre (Dyle),SARS-CoV-2,High,0.00198
BERW2511201,Basse Wavre (Dyle),SARS-CoV-2,Very_high,0.005012
BE_F_TP_018,Brugge,SARS-CoV-2,Medium,0.000373
BE_F_TP_018,Brugge,SARS-CoV-2,High,0.001472
BE_F_TP_018,Brugge,SARS-CoV-2,Very_high,0.005687
BEBRU2,Bruxelles-Nord/Brussel-Noord,SARS-CoV-2,Medium,0.000707
BEBRU2,Bruxelles-Nord/Brussel-Noord,SARS-CoV-2,High,0.001874
BEBRU2,Bruxelles-Nord/Brussel-Noord,SARS-CoV-2,Very_high,0.003336
BEBRU1,Bruxelles-Sud/Brussel-Zuid,SARS-CoV-2,Medium,0.000893
BEBRU1,Bruxelles-Sud/Brussel-Zuid,SARS-CoV-2,High,0.002237
BEBRU1,Bruxelles-Sud/Brussel-Zuid,SARS-CoV-2,Very_high,0.004398
BE_F_TP_026,Dendermonde,SARS-CoV-2,Medium,0.000498
BE_F_TP_026,Dendermonde,SARS-CoV-2,High,0.00179
BE_F_TP_026,Dendermonde,SARS-CoV-2,Very_high,0.003609
BE_F_TP_053,Deurne,SARS-CoV-2,Medium,0.000474
BE_F_TP_053,Deurne,SARS-CoV-2,High,0.00158
BE_F_TP_053,Deurne,SARS-CoV-2,Very_high,0.002624
BE_F_TP_105,Genk,SARS-CoV-2,Medium,0.001632
BE_F_TP_105,Genk,SARS-CoV-2,High,0.003225
BE_F_TP_105,Genk,SARS-CoV-2,Very_high,0.00487
BE_F_TP_020,Gent,SARS-CoV-2,Medium,0.000729
BE_F_TP_020,Gent,SARS-CoV-2,High,0.002311
BE_F_TP_020,Gent,SARS-CoV-2,Very_high,0.004556
BE_F_TP_182,Grimbergen,SARS-CoV-2,Medium,0.001065
BE_F_TP_182,Grimbergen,SARS-CoV-2,High,0.002409
BE_F_TP_182,Grimbergen,SARS-CoV-2,Very_high,0.006487
BE_F_TP_012,Harelbeke,SARS-CoV-2,Medium,0.000372
BE_F_TP_012,Harelbeke,SARS-CoV-2,High,0.001803
BE_F_TP_012,Harelbeke,SARS-CoV-2,Very_high,0.005012
BE_F_TP_110,Hasselt,SARS-CoV-2,Medium,0.000438
BE_F_TP_110,Hasselt,SARS-CoV-2,High,0.002213
BE_F_TP_110,Hasselt,SARS-CoV-2,Very_high,0.004772
BE_F_TP_089,Leuven,SARS-CoV-2,Medium,0.000852
BE_F_TP_089,Leuven,SARS-CoV-2,High,0.002697
BE_F_TP_089,Leuven,SARS-CoV-2,Very_high,0.003887
BE_F_TP_174,Liedekerke,SARS-CoV-2,Medium,0.000594
BE_F_TP_174,Liedekerke,SARS-CoV-2,High,0.001126
BE_F_TP_174,Liedekerke,SARS-CoV-2,Very_high,0.004047
BERW6207901,Liège Oupeye,SARS-CoV-2,Medium,0.000103
BERW6207901,Liège Oupeye,SARS-CoV-2,High,0.000551
BERW6207901,Liège Oupeye,SARS-CoV-2,Very_high,0.000928
BERW6206301,Liège Sclessin,SARS-CoV-2,Medium,0.000511
BERW6206301,Liège Sclessin,SARS-CoV-2,High,0.001707
BERW6206301,Liège Sclessin,SARS-CoV-2,Very_high,0.004247
BERW8303401,Marche-en-Famenne,SARS-CoV-2,Medium,0.000268
BERW8303401,Marche-en-Famenne,SARS-CoV-2,High,0.002027
BERW8303401,Marche-en-Famenne,SARS-CoV-2,Very_high,0.005971
BERW5201104,Marchienne-au-Pont,SARS-CoV-2,Medium,0.000165
BERW5201104,Marchienne-au-Pont,SARS-CoV-2,High,0.001092
BERW5201104,Marchienne-au-Pont,SARS-CoV-2,Very_high,0.002379
BE_F_TP_039,Mechelen-Noord,SARS-CoV-2,Medium,0.000414
BE_F_TP_039,Mechelen-Noord,SARS-CoV-2,High,0.001926
BE_F_TP_039,Mechelen-Noord,SARS-CoV-2,Very_high,0.004429
BERW5201103,Montignies-sur-Sambre,SARS-CoV-2,Medium,0.000612
BERW5201103,Montignies-sur-Sambre,SARS-CoV-2,High,0.001113
BERW5201103,Montignies-sur-Sambre,SARS-CoV-2,Very_high,0.002322
BERW9214001,Mornimont,SARS-CoV-2,Medium,0.000257
BERW9214001,Mornimont,SARS-CoV-2,High,0.00133
BERW9214001,Mornimont,SARS-CoV-2,Very_high,0.003149
BERW9209404,Namur-Brumagne,SARS-CoV-2,Medium,0.000661
BERW9209404,Namur-Brumagne,SARS-CoV-2,High,0.002402
BERW9209404,Namur-Brumagne,SARS-CoV-2,Very_high,0.004913
BE_F_TP_014,Oostende,SARS-CoV-2,Medium,0.000891
BE_F_TP_014,Oostende,SARS-CoV-2,High,0.002919
BE_F_TP_014,Oostende,SARS-CoV-2,Very_high,0.007321
BERW5207401,Roselies,SARS-CoV-2,Medium,0.000103
BERW5207401,Roselies,SARS-CoV-2,High,0.000888
BERW5207401,Roselies,SARS-CoV-2,Very_high,0.00236
BE_F_TP_081,Tessenderlo,SARS-CoV-2,Medium,0.000296
BE_F_TP_081,Tessenderlo,SARS-CoV-2,High,0.001449
BE_F_TP_081,Tessenderlo,SARS-CoV-2,Very_high,0.002997
BERW2501503,Vallée du Hain (l'Orchis),SARS-CoV-2,Medium,0.00045
BERW2501503,Vallée du Hain (l'Orchis),SARS-CoV-2,High,0.002691
BERW2501503,Vallée du Hain (l'Orchis),SARS-CoV-2,Very_high,0.002736
BERW5306501,Wasmuel,SARS-CoV-2,Medium,0.000456
BERW5306501,Wasmuel,SARS-CoV-2,High,0.001041
BERW5306501,Wasmuel,SARS-CoV-2,Very_high,0.001917
01000,Belgium,Influenza,Medium,0.000114
01000,Belgium,Influenza,High,0.000783
01000,Belgium,Influenza,Very_high,0.001596
10000,Antwerpen,Influenza,Medium,0.000212
10000,Antwerpen,Influenza,High,0.001024
10000,Antwerpen,Influenza,Very_high,0.002538
20002,Brabant Wallon,Influenza,Medium,5.2e-05
20002,Brabant Wallon,Influenza,High,0.000513
20002,Brabant Wallon,Influenza,Very_high,0.001751
50000,Hainaut,Influenza,Medium,6.2e-05
50000,Hainaut,Influenza,High,0.000504
50000,Hainaut,Influenza,Very_high,0.001966
70000,Limburg,Influenza,Medium,4.2e-05
70000,Limburg,Influenza,High,0.000779
70000,Limburg,Influenza,Very_high,0.00288
60000,Liège,Influenza,Medium,8e-06
60000,Liège,Influenza,High,0.000625
60000,Liège,Influenza,Very_high,0.002685
80000,Luxembourg,Influenza,Medium,3.1e-05
80000,Luxembourg,Influenza,High,0.001044
80000,Luxembourg,Influenza,Very_high,0.003316
90000,Namur,Influenza,Medium,9.5e-05
90000,Namur,Influenza,High,0.000904
90000,Namur,Influenza,Very_high,0.002836
40000,Oost-Vlaanderen,Influenza,Medium,4.8e-05
40000,Oost-Vlaanderen,Influenza,High,0.000491
40000,Oost-Vlaanderen,Influenza,Very_high,0.001773
20001,Vlaams-Brabant,Influenza,Medium,9e-05
20001,Vlaams-Brabant,Influenza,High,0.000717
20001,Vlaams-Brabant,Influenza,Very_high,0.00143
30000,West-Vlaanderen,Influenza,Medium,0.000228
30000,West-Vlaanderen,Influenza,High,0.00101
30000,West-Vlaanderen,Influenza,Very_high,0.002272
4000,Brussels-Capital region,Influenza,Medium,6.6e-05
4000,Brussels-Capital region,Influenza,High,0.000844
4000,Brussels-Capital region,Influenza,Very_high,0.00245
2000,Flanders,Influenza,Medium,0.000111
2000,Flanders,Influenza,High,0.000756
2000,Flanders,Influenza,Very_high,0.001884
3000,Wallonia,Influenza,Medium,0.000117
3000,Wallonia,Influenza,High,0.000674
3000,Wallonia,Influenza,Very_high,0.001412
BE_F_TP_027,Aalst,Influenza,Medium,3.6e-05
BE_F_TP_027,Aalst,Influenza,High,0.000883
BE_F_TP_027,Aalst,Influenza,Very_high,0.002564
BE_F_TP_055,Antwerpen-Noord,Influenza,Medium,7.1e-05
BE_F_TP_055,Antwerpen-Noord,Influenza,High,0.000798
BE_F_TP_055,Antwerpen-Noord,Influenza,Very_high,0.005115
BE_F_TP_050,Antwerpen-Zuid,Influenza,Medium,4.8e-05
BE_F_TP_050,Antwerpen-Zuid,Influenza,High,0.000692
BE_F_TP_050,Antwerpen-Zuid,Influenza,Very_high,0.002253
BERW8100101,Arlon,Influenza,Medium,2e-05
BERW8100101,Arlon,Influenza,High,0.001109
BERW8100101,Arlon,Influenza,Very_high,0.003879
BERW2511201,Basse Wavre (Dyle),Influenza,Medium,1.4e-05
BERW2511201,Basse Wavre (Dyle),Influenza,High,0.00036
BERW2511201,Basse Wavre (Dyle),Influenza,Very_high,0.001875
BE_F_TP_018,Brugge,Influenza,Medium,0.000256
BE_F_TP_018,Brugge,Influenza,High,0.001083
BE_F_TP_018,Brugge,Influenza,Very_high,0.002028
BEBRU2,Bruxelles-Nord/Brussel-Noord,Influenza,Medium,0.000189
BEBRU2,Bruxelles-Nord/Brussel-Noord,Influenza,High,0.000795
BEBRU2,Bruxelles-Nord/Brussel-Noord,Influenza,Very_high,0.002971
BEBRU1,Bruxelles-Sud/Brussel-Zuid,Influenza,Medium,7.6e-05
BEBRU1,Bruxelles-Sud/Brussel-Zuid,Influenza,High,0.000973
BEBRU1,Bruxelles-Sud/Brussel-Zuid,Influenza,Very_high,0.002182
BE_F_TP_026,Dendermonde,Influenza,Medium,1.5e-05
BE_F_TP_026,Dendermonde,Influenza,High,0.000647
BE_F_TP_026,Dendermonde,Influenza,Very_high,0.002758
BE_F_TP_053,Deurne,Influenza,Medium,7.6e-05
BE_F_TP_053,Deurne,Influenza,High,0.001172
BE_F_TP_053,Deurne,Influenza,Very_high,0.003232
BE_F_TP_105,Genk,Influenza,Medium,1.7e-05
BE_F_TP_105,Genk,Influenza,High,0.000814
BE_F_TP_105,Genk,Influenza,Very_high,0.004924
BE_F_TP_020,Gent,Influenza,Medium,0.000123
BE_F_TP_020,Gent,Influenza,High,0.000394
BE_F_TP_020,Gent,Influenza,Very_high,0.002061
BE_F_TP_182,Grimbergen,Influenza,Medium,2.1e-05
BE_F_TP_182,Grimbergen,Influenza,High,0.000539
BE_F_TP_182,Grimbergen,Influenza,Very_high,0.001908
BE_F_TP_012,Harelbeke,Influenza,Medium,6.8e-05
BE_F_TP_012,Harelbeke,Influenza,High,0.000821
BE_F_TP_012,Harelbeke,Influenza,Very_high,0.004212
BE_F_TP_110,Hasselt,Influenza,Medium,1.1e-05
BE_F_TP_110,Hasselt,Influenza,High,0.000877
BE_F_TP_110,Hasselt,Influenza,Very_high,0.003436
BE_F_TP_089,Leuven,Influenza,Medium,5.4e-05
BE_F_TP_089,Leuven,Influenza,High,0.001134
BE_F_TP_089,Leuven,Influenza,Very_high,0.00168
BE_F_TP_174,Liedekerke,Influenza,Medium,2e-05
BE_F_TP_174,Liedekerke,Influenza,High,0.000513
BE_F_TP_174,Liedekerke,Influenza,Very_high,0.001386
BERW6207901,Liège Oupeye,Influenza,Medium,2.4e-05
BERW6207901,Liège Oupeye,Influenza,High,0.000691
BERW6207901,Liège Oupeye,Influenza,Very_high,0.002948
BERW6206301,Liège Sclessin,Influenza,Medium,2.2e-05
BERW6206301,Liège Sclessin,Influenza,High,0.001081
BERW6206301,Liège Sclessin,Influenza,Very_high,0.001984
BERW8303401,Marche-en-Famenne,Influenza,Medium,2.5e-05
BERW8303401,Marche-en-Famenne,Influenza,High,0.000578
BERW8303401,Marche-en-Famenne,Influenza,Very_high,0.002665
BERW5201104,Marchienne-au-Pont,Influenza,Medium,2.4e-05
BERW5201104,Marchienne-au-Pont,Influenza,High,0.000638
BERW5201104,Marchienne-au-Pont,Influenza,Very_high,0.003901
BE_F_TP_039,Mechelen-Noord,Influenza,Medium,2.6e-05
BE_F_TP_039,Mechelen-Noord,Influenza,High,0.000375
BE_F_TP_039,Mechelen-Noord,Influenza,Very_high,0.001851
BERW5201103,Montignies-sur-Sambre,Influenza,Medium,0.000173
BERW5201103,Montignies-sur-Sambre,Influenza,High,0.001234
BERW5201103,Montignies-sur-Sambre,Influenza,Very_high,0.003739
BERW9214001,Mornimont,Influenza,Medium,2.1e-05
BERW9214001,Mornimont,Influenza,High,0.000832
BERW9214001,Mornimont,Influenza,Very_high,0.004635
BERW9209404,Namur-Brumagne,Influenza,Medium,5.7e-05
BERW9209404,Namur-Brumagne,Influenza,High,0.00106
BERW9209404,Namur-Brumagne,Influenza,Very_high,0.002749
BE_F_TP_014,Oostende,Influenza,Medium,4.3e-05
BE_F_TP_014,Oostende,Influenza,High,0.001076
BE_F_TP_014,Oostende,Influenza,Very_high,0.002065
BERW5207401,Roselies,Influenza,Medium,1.9e-05
BERW5207401,Roselies,Influenza,High,0.000491
BERW5207401,Roselies,Influenza,Very_high,0.002972
BE_F_TP_081,Tessenderlo,Influenza,Medium,1.7e-05
BE_F_TP_081,Tessenderlo,Influenza,High,0.000501
BE_F_TP_081,Tessenderlo,Influenza,Very_high,0.002949
BERW2501503,Vallée du Hain (l'Orchis),Influenza,Medium,2.1e-05
BERW2501503,Vallée du Hain (l'Orchis),Influenza,High,0.000755
BERW2501503,Vallée du Hain (l'Orchis),Influenza,Very_high,0.004078
BERW5306501,Wasmuel,Influenza,Medium,3.4e-05
BERW5306501,Wasmuel,Influenza,High,0.000706
BERW5306501,Wasmuel,Influenza,Very_high,0.002124
01000,Belgium,RSV,Medium,0.00024
01000,Belgium,RSV,High,0.000772
01000,Belgium,RSV,Very_high,0.001316
10000,Antwerpen,RSV,Medium,0.000101
10000,Antwerpen,RSV,High,0.00065
10000,Antwerpen,RSV,Very_high,0.001679
20002,Brabant Wallon,RSV,Medium,6.6e-05
20002,Brabant Wallon,RSV,High,0.000475
20002,Brabant Wallon,RSV,Very_high,0.001034
50000,Hainaut,RSV,Medium,2.1e-05
50000,Hainaut,RSV,High,0.000298
50000,Hainaut,RSV,Very_high,0.001221
70000,Limburg,RSV,Medium,1.8e-05
70000,Limburg,RSV,High,0.000644
70000,Limburg,RSV,Very_high,0.003075
60000,Liège,RSV,Medium,2.1e-05
60000,Liège,RSV,High,0.00053
60000,Liège,RSV,Very_high,0.001232
80000,Luxembourg,RSV,Medium,3.5e-05
80000,Luxembourg,RSV,High,0.000772
80000,Luxembourg,RSV,Very_high,0.003292
90000,Namur,RSV,Medium,6.5e-05
90000,Namur,RSV,High,0.00051
90000,Namur,RSV,Very_high,0.001496
40000,Oost-Vlaanderen,RSV,Medium,0.000183
40000,Oost-Vlaanderen,RSV,High,0.00082
40000,Oost-Vlaanderen,RSV,Very_high,0.002502
20001,Vlaams-Brabant,RSV,Medium,9.8e-05
20001,Vlaams-Brabant,RSV,High,0.000801
20001,Vlaams-Brabant,RSV,Very_high,0.001779
30000,West-Vlaanderen,RSV,Medium,4.1e-05
30000,West-Vlaanderen,RSV,High,0.000736
30000,West-Vlaanderen,RSV,Very_high,0.002135
4000,Brussels-Capital region,RSV,Medium,0.000202
4000,Brussels-Capital region,RSV,High,0.001002
4000,Brussels-Capital region,RSV,Very_high,0.002514
2000,Flanders,RSV,Medium,0.000327
2000,Flanders,RSV,High,0.000772
2000,Flanders,RSV,Very_high,0.001642
3000,Wallonia,RSV,Medium,8.5e-05
3000,Wallonia,RSV,High,0.000455
3000,Wallonia,RSV,Very_high,0.00076
BE_F_TP_027,Aalst,RSV,Medium,6.7e-05
BE_F_TP_027,Aalst,RSV,High,0.000824
BE_F_TP_027,Aalst,RSV,Very_high,0.004821
BE_F_TP_055,Antwerpen-Noord,RSV,Medium,0.000278
BE_F_TP_055,Antwerpen-Noord,RSV,High,0.001124
BE_F_TP_055,Antwerpen-Noord,RSV,Very_high,0.003566
BE_F_TP_050,Antwerpen-Zuid,RSV,Medium,0.00013
BE_F_TP_050,Antwerpen-Zuid,RSV,High,0.000621
BE_F_TP_050,Antwerpen-Zuid,RSV,Very_high,0.001319
BERW8100101,Arlon,RSV,Medium,3.9e-05
BERW8100101,Arlon,RSV,High,0.00062
BERW8100101,Arlon,RSV,Very_high,0.003663
BERW2511201,Basse Wavre (Dyle),RSV,Medium,1.8e-05
BERW2511201,Basse Wavre (Dyle),RSV,High,0.000308
BERW2511201,Basse Wavre (Dyle),RSV,Very_high,0.001722
BE_F_TP_018,Brugge,RSV,Medium,2.4e-05
BE_F_TP_018,Brugge,RSV,High,0.000428
BE_F_TP_018,Brugge,RSV,Very_high,0.0027
BEBRU2,Bruxelles-Nord/Brussel-Noord,RSV,Medium,8.5e-05
BEBRU2,Bruxelles-Nord/Brussel-Noord,RSV,High,0.000564
BEBRU2,Bruxelles-Nord/Brussel-Noord,RSV,Very_high,0.00252
BEBRU1,Bruxelles-Sud/Brussel-Zuid,RSV,Medium,0.000193
BEBRU1,Bruxelles-Sud/Brussel-Zuid,RSV,High,0.000986
BEBRU1,Bruxelles-Sud/Brussel-Zuid,RSV,Very_high,0.003144
BE_F_TP_026,Dendermonde,RSV,Medium,0.000182
BE_F_TP_026,Dendermonde,RSV,High,0.001103
BE_F_TP_026,Dendermonde,RSV,Very_high,0.004003
BE_F_TP_053,Deurne,RSV,Medium,0.000281
BE_F_TP_053,Deurne,RSV,High,0.001148
BE_F_TP_053,Deurne,RSV,Very_high,0.002451
BE_F_TP_105,Genk,RSV,Medium,0.000111
BE_F_TP_105,Genk,RSV,High,0.001908
BE_F_TP_105,Genk,RSV,Very_high,0.005667
BE_F_TP_020,Gent,RSV,Medium,0.000229
BE_F_TP_020,Gent,RSV,High,0.000702
BE_F_TP_020,Gent,RSV,Very_high,0.002516
BE_F_TP_182,Grimbergen,RSV,Medium,2e-04
BE_F_TP_182,Grimbergen,RSV,High,0.000937
BE_F_TP_182,Grimbergen,RSV,Very_high,0.003832
BE_F_TP_012,Harelbeke,RSV,Medium,6.9e-05
BE_F_TP_012,Harelbeke,RSV,High,0.001056
BE_F_TP_012,Harelbeke,RSV,Very_high,0.003002
BE_F_TP_110,Hasselt,RSV,Medium,5.2e-05
BE_F_TP_110,Hasselt,RSV,High,0.000822
BE_F_TP_110,Hasselt,RSV,Very_high,0.002688
BE_F_TP_089,Leuven,RSV,Medium,0.000209
BE_F_TP_089,Leuven,RSV,High,0.001199
BE_F_TP_089,Leuven,RSV,Very_high,0.002741
BE_F_TP_174,Liedekerke,RSV,Medium,2.5e-05
BE_F_TP_174,Liedekerke,RSV,High,0.000524
BE_F_TP_174,Liedekerke,RSV,Very_high,0.001617
BERW6207901,Liège Oupeye,RSV,Medium,3.9e-05
BERW6207901,Liège Oupeye,RSV,High,0.000469
BERW6207901,Liège Oupeye,RSV,Very_high,0.001472
BERW6206301,Liège Sclessin,RSV,Medium,3.8e-05
BERW6206301,Liège Sclessin,RSV,High,0.000578
BERW6206301,Liège Sclessin,RSV,Very_high,0.001964
BERW8303401,Marche-en-Famenne,RSV,Medium,3.8e-05
BERW8303401,Marche-en-Famenne,RSV,High,0.000691
BERW8303401,Marche-en-Famenne,RSV,Very_high,0.002666
BERW5201104,Marchienne-au-Pont,RSV,Medium,0.000121
BERW5201104,Marchienne-au-Pont,RSV,High,0.000491
BERW5201104,Marchienne-au-Pont,RSV,Very_high,0.001758
BE_F_TP_039,Mechelen-Noord,RSV,Medium,0.000334
BE_F_TP_039,Mechelen-Noord,RSV,High,0.000865
BE_F_TP_039,Mechelen-Noord,RSV,Very_high,0.002483
BERW5201103,Montignies-sur-Sambre,RSV,Medium,2.2e-05
BERW5201103,Montignies-sur-Sambre,RSV,High,0.000338
BERW5201103,Montignies-sur-Sambre,RSV,Very_high,0.001492
BERW9214001,Mornimont,RSV,Medium,2.9e-05
BERW9214001,Mornimont,RSV,High,0.000631
BERW9214001,Mornimont,RSV,Very_high,0.002101
BERW9209404,Namur-Brumagne,RSV,Medium,2.8e-05
BERW9209404,Namur-Brumagne,RSV,High,0.000547
BERW9209404,Namur-Brumagne,RSV,Very_high,0.002026
BE_F_TP_014,Oostende,RSV,Medium,4.4e-05
BE_F_TP_014,Oostende,RSV,High,0.000974
BE_F_TP_014,Oostende,RSV,Very_high,0.004213
BERW5207401,Roselies,RSV,Medium,2.6e-05
BERW5207401,Roselies,RSV,High,0.000464
BERW5207401,Roselies,RSV,Very_high,0.002769
BE_F_TP_081,Tessenderlo,RSV,Medium,7.3e-05
BE_F_TP_081,Tessenderlo,RSV,High,0.001132
BE_F_TP_081,Tessenderlo,RSV,Very_high,0.005028
BERW2501503,Vallée du Hain (l'Orchis),RSV,Medium,3.3e-05
BERW2501503,Vallée du Hain (l'Orchis),RSV,High,0.000467
BERW2501503,Vallée du Hain (l'Orchis),RSV,Very_high,0.001427
BERW5306501,Wasmuel,RSV,Medium,1.5e-05
BERW5306501,Wasmuel,RSV,High,0.00037
BERW5306501,Wasmuel,RSV,Very_high,0.001705
