"siteName";"date";"value";"value_load";"value_pmmv";"value_avg14d_past";"value_load_avg14d_past";"value_pmmv_avg14d_past"
"Belgium";2024-09-02;42.7132357562222;1039536542166.12;0.000514343703189264;NA;NA;NA
"Belgium";2024-09-03;NA;NA;NA;NA;NA;NA
"Belgium";2024-09-04;NA;NA;NA;NA;NA;NA
"Belgium";2024-09-05;NA;NA;NA;NA;NA;NA
"Belgium";2024-09-06;NA;NA;NA;NA;NA;NA
"Belgium";2024-09-07;NA;NA;NA;NA;NA;NA
"Belgium";2024-09-08;NA;NA;NA;NA;NA;NA
"Belgium";2024-09-09;17.5659557679164;1100009235381.54;0.000493468785771036;NA;NA;NA
"Belgium";2024-09-10;NA;NA;NA;NA;NA;NA
"Belgium";2024-09-11;NA;NA;NA;NA;NA;NA
"Belgium";2024-09-12;NA;NA;NA;NA;NA;NA
"Belgium";2024-09-13;NA;NA;NA;NA;NA;NA
"Belgium";2024-09-14;NA;NA;NA;NA;NA;NA
"Belgium";2024-09-15;NA;NA;NA;32.5842252862367;1132890794095.91;0.00058484045447684
"Belgium";2024-09-16;54.1215068690031;1334086767002.5;0.000892036683173816;33.3991017942924;1153930095869.94;0.000611818524475736
"Belgium";2024-09-17;NA;NA;NA;34.3554472286649;1172616596779.12;0.000638243747090057
"Belgium";2024-09-18;NA;NA;NA;35.453261589354;1188950296823.45;0.000664116122319803
"Belgium";2024-09-19;NA;NA;NA;36.6925448763598;1202931196002.93;0.000689435650164972
"Belgium";2024-09-20;NA;NA;NA;38.0732970896823;1214559294317.57;0.000714202330625566
"Belgium";2024-09-21;NA;NA;NA;39.5955182293215;1223834591767.36;0.000738416163701585
"Belgium";2024-09-22;NA;NA;NA;41.2592082952773;1230757088352.29;0.000762077149393027
"Belgium";2024-09-23;42.8381816597316;1163984975462.82;0.000816982722067175;43.0643672875498;1235326784072.39;0.000785185287699894
"Belgium";2024-09-24;NA;NA;NA;44.4142904059608;1237741472947.39;0.000802837901723584
"Belgium";2024-09-25;NA;NA;NA;45.3089776505103;1238001154977.3;0.000815034991464096
"Belgium";2024-09-26;NA;NA;NA;45.7484290211983;1236105830162.13;0.000821776556921431
"Belgium";2024-09-27;NA;NA;NA;45.7326445180248;1232055498501.86;0.000823062598095588
"Belgium";2024-09-28;NA;NA;NA;45.2616241409897;1225850159996.51;0.000818893114986568
"Belgium";2024-09-29;NA;NA;NA;44.3353678900932;1217489814646.07;0.000809268107594371
"Belgium";2024-09-30;34.7806171223903;1186871836265.11;0.000680909239718571;42.9538757653351;1206974462450.55;0.000794187575918997
"Belgium";2024-10-01;NA;NA;NA;41.6555343777155;1196225907059.77;0.000777277492984137
"Belgium";2024-10-02;NA;NA;NA;40.4403437272342;1185244148473.76;0.000758537858789794
"Belgium";2024-10-03;NA;NA;NA;39.3083038138913;1174029186692.49;0.000737968673335965
"Belgium";2024-10-04;NA;NA;NA;38.2594146376868;1162581021715.98;0.000715569936622652
"Belgium";2024-10-05;NA;NA;NA;37.2936761986207;1150899653544.23;0.000691341648649855
"Belgium";2024-10-06;NA;NA;NA;36.4110884966929;1138985082177.23;0.000665283809417573
"Belgium";2024-10-07;31.646064152681;993916131591.402;0.000426559255182441;35.6116515319036;1126837307614.99;0.000637396418925806
"Belgium";2024-10-08;NA;NA;NA;34.7786215202555;1114453469462.8;0.000610719821089814
"Belgium";2024-10-09;NA;NA;NA;33.9119984617486;1101833567720.67;0.000585254015909598
"Belgium";2024-10-10;NA;NA;NA;33.0117823563829;1088977602388.59;0.000560999003385157
"Belgium";2024-10-11;NA;NA;NA;32.0779732041583;1075885573466.58;0.000537954783516492
"Belgium";2024-10-12;NA;NA;NA;31.110571005075;1062557480954.62;0.000516121356303602
"Belgium";2024-10-13;NA;NA;NA;30.1095757591329;1048993324852.71;0.000495498721746487
"Belgium";2024-10-14;20.2963810231777;993668760579.237;0.000409143453099814;29.074987466332;1035193105160.86;0.000476086879845147
"Belgium";2024-10-15;NA;NA;NA;28.101652079755;1029281481824.6;0.000458565054390445
"Belgium";2024-10-16;NA;NA;NA;27.1895695994017;1031258454843.91;0.000442933245382382
"Belgium";2024-10-17;NA;NA;NA;26.3387400252722;1041124024218.81;0.000429191452820957
"Belgium";2024-10-18;NA;NA;NA;25.5491633573666;1058878189949.28;0.000417339676706171
"Belgium";2024-10-19;NA;NA;NA;24.8208395956848;1084520952035.34;0.000407377917038022
"Belgium";2024-10-20;NA;NA;NA;24.1537687402268;1118052310476.98;0.000399306173816512
"Belgium";2024-10-21;23.1646128634023;1573795498752.48;0.000340015080334238;23.5479507909926;1159472265274.2;0.000393124447041641
"Belgium";2024-10-22;NA;NA;NA;23.064339417767;1190800670674.23;0.000386436212888921
"Belgium";2024-10-23;NA;NA;NA;22.70293462055;1212037526677.08;0.000379241471358353
"Belgium";2024-10-24;NA;NA;NA;22.4637363993416;1223182833282.74;0.000371540222449937
"Belgium";2024-10-25;NA;NA;NA;22.3467447541418;1224236590491.21;0.000363332466163673
"Belgium";2024-10-26;NA;NA;NA;22.3519596849506;1215198798302.5;0.000354618202499561
"Belgium";2024-10-27;NA;NA;NA;22.479381191768;1196069456716.59;0.000345397431457601
"Belgium";2024-10-28;23.7911741827414;584576286815.996;0.000272961555222499;22.7290092745939;1166848565733.51;0.000335670153037793
"Belgium";2024-10-29;NA;NA;NA;22.8848599405878;1130251874924.18;0.000325634529501937
"Belgium";2024-10-30;NA;NA;NA;22.9469331897495;1086279384288.62;0.000315290560850034
"Belgium";2024-10-31;NA;NA;NA;22.9152290220791;1034931093826.82;0.000304638247082083
"Belgium";2024-11-01;NA;NA;NA;22.7897474375765;976207003538.792;0.000293677588198084
"Belgium";2024-11-02;NA;NA;NA;22.5704884362418;910107113424.524;0.000282408584198038
"Belgium";2024-11-03;NA;NA;NA;22.257452018075;836631423484.019;0.000270831235081944
"Belgium";2024-11-04;17.4692191734168;441874642018.121;0.000173615361084259;21.850638183076;755779933717.279;0.000258945540849803
"Belgium";2024-11-05;NA;NA;NA;21.4108226548795;685206973900.412;0.000248098685678307
"Belgium";2024-11-06;NA;NA;NA;20.9380054334855;624912544033.419;0.000238290669567458
"Belgium";2024-11-07;NA;NA;NA;20.432186518894;574896644116.299;0.000229521492517255
"Belgium";2024-11-08;NA;NA;NA;19.893365911105;535159274149.052;0.000221791154527697
"Belgium";2024-11-09;NA;NA;NA;19.3215436101185;505700434131.679;0.000215099655598786
"Belgium";2024-11-10;NA;NA;NA;18.7167196159345;486520124064.18;0.000209446995730521
"Belgium";2024-11-11;14.8616145593997;459951365169.229;0.000208368063915829;18.0788939285529;477618343946.553;0.000204833174922901
"Belgium";2024-11-12;NA;NA;NA;17.5346324986082;473253587321.917;0.000201227342561625
"Belgium";2024-11-13;NA;NA;NA;17.0839353261005;473425854190.271;0.000198629498646693
"Belgium";2024-11-14;NA;NA;NA;16.7268024110296;478135144551.615;0.000197039643178103
"Belgium";2024-11-15;NA;NA;NA;16.4632337533956;487381458405.95;0.000196457776155857
"Belgium";2024-11-16;NA;NA;NA;16.2932293531985;501164795753.274;0.000196883897579954
"Belgium";2024-11-17;NA;NA;NA;16.2167892104382;519485156593.588;0.000198318007450394
"Belgium";2024-11-18;17.7089567788901;761878022684.385;0.000207804737519227;16.2339133251149;542342540926.893;0.000200760105767177
"Belgium";2024-11-19;NA;NA;NA;16.2317200987235;564740289123.875;0.000203617424701789
"Belgium";2024-11-20;NA;NA;NA;16.2102095312639;586678401184.536;0.000206889964254229
"Belgium";2024-11-21;NA;NA;NA;16.1693816227362;608156877108.875;0.000210577724424498
"Belgium";2024-11-22;NA;NA;NA;16.1092363731403;629175716896.891;0.000214680705212595
"Belgium";2024-11-23;NA;NA;NA;16.0297737824763;649734920548.586;0.000219198906618521
"Belgium";2024-11-24;NA;NA;NA;15.9309938507443;669834488063.958;0.000224132328642275
"Belgium";2024-11-25;13.2082527401967;734910404475.937;0.000283249060897981;15.812896577944;689474419443.009;0.000229480971283857
"Belgium";2024-11-26;NA;NA;NA;15.6810015774915;703487221254.284;0.000234524204682625
"Belgium";2024-11-27;NA;NA;NA;15.5353088493866;711872893497.784;0.000239262028838578
"Belgium";2024-11-28;NA;NA;NA;15.3758183936295;714631436173.508;0.000243694443751716
"Belgium";2024-11-29;NA;NA;NA;15.20253021022;711762849281.456;0.000247821449422041
"Belgium";2024-11-30;NA;NA;NA;15.0154442991582;703267132821.629;0.00025164304584955
"Belgium";2024-12-01;NA;NA;NA;14.814560660444;689144286794.026;0.000255159233034245
"Belgium";2024-12-02;14.7034176497597;485378364349.088;0.000252755628705551;14.5998792940776;669394311198.648;0.000258370010976125
"Belgium";2024-12-03;NA;NA;NA;14.4083106102353;649837827681.967;0.00026022205171344
"Belgium";2024-12-04;NA;NA;NA;14.2398546089173;630474836243.983;0.000260715355246191
"Belgium";2024-12-05;NA;NA;NA;14.0945112901235;611305336884.697;0.000259849921574376
"Belgium";2024-12-06;NA;NA;NA;13.9722806538539;592329329604.109;0.000257625750697996
"Belgium";2024-12-07;NA;NA;NA;13.8731627001085;573546814402.217;0.000254042842617052
"Belgium";2024-12-08;NA;NA;NA;13.7971574288873;554957791279.024;0.000249101197331542
"Belgium";2024-12-09;12.4677564984393;477372969852.988;0.000195043706036936;13.7442648401904;536562260234.527;0.000242800814841467
"Belgium";2024-12-10;NA;NA;NA;13.7221272988235;521479757318.408;0.000236906576634697
"Belgium";2024-12-11;NA;NA;NA;13.7307448047868;509710282530.665;0.000231418482711229
"Belgium";2024-12-12;NA;NA;NA;13.7701173580801;501253835871.299;0.000226336533071066
"Belgium";2024-12-13;NA;NA;NA;13.8402449587035;496110417340.309;0.000221660727714206
"Belgium";2024-12-14;NA;NA;NA;13.9411276066571;494280026937.696;0.00021739106664065
"Belgium";2024-12-15;NA;NA;NA;14.0727653019407;495762664663.461;0.000213527549850398
"Belgium";2024-12-16;16.976916046352;552517686307.06;0.000204352413608271;14.2351580445545;500558330517.601;0.000210070177343449
"Belgium";2024-12-17;NA;NA;NA;14.3573624411872;506808222248.266;0.000207297542015011
"Belgium";2024-12-18;NA;NA;NA;14.4393784918389;514512339855.456;0.000205209643865084
"Belgium";2024-12-19;NA;NA;NA;14.4812061965097;523670683339.169;0.000203806482893668
"Belgium";2024-12-20;NA;NA;NA;14.4828455551994;534283252699.407;0.000203088059100762
"Belgium";2024-12-21;NA;NA;NA;14.4442965679081;546350047936.17;0.000203054372486367
"Belgium";2024-12-22;NA;NA;NA;14.3655592346359;559871069049.456;0.000203705423050482
"Belgium";2024-12-23;10.8027969888934;687026427710.339;0.000213744734433705;14.2466335553826;574846316039.267;0.000205041210793109
"Belgium";2024-12-24;NA;NA;NA;14.0877206839008;585155157018.383;0.000206038914097221
"Belgium";2024-12-25;NA;NA;NA;13.8888206201907;590797591986.804;0.00020669853296282
"Belgium";2024-12-26;NA;NA;NA;13.649933364252;591773620944.531;0.000207020067389905
"Belgium";2024-12-27;NA;NA;NA;13.371058916085;588083243891.563;0.000207003517378476
"Belgium";2024-12-28;NA;NA;NA;13.0521972756894;579726460827.9;0.000206648882928534
"Belgium";2024-12-29;NA;NA;NA;12.6933484430655;566703271753.542;0.000205956164040077
"Belgium";2024-12-30;11.3932116984181;304863355116.327;0.000189921167030689;12.294512418213;549013676668.49;0.000204925360713107
"Belgium";2024-12-31;NA;NA;NA;11.9709563858093;538258276265.201;0.000203468220947877
"Belgium";2025-01-01;NA;NA;NA;11.7226803458544;534437070543.675;0.000201584744744386
"Belgium";2025-01-02;NA;NA;NA;11.5496842983482;537550059503.913;0.000199274932102635
"Belgium";2025-01-03;NA;NA;NA;11.4519682432908;547597243145.913;0.000196538783022624
"Belgium";2025-01-04;NA;NA;NA;11.4295321806821;564578621469.677;0.000193376297504352
"Belgium";2025-01-05;NA;NA;NA;11.4823761105222;588494194475.204;0.00018978747554782
"Belgium";2025-01-06;12.5965319009368;1118923175332.41;0.000157532516906615;11.610500032811;619343962162.495;0.000185772317153028
"Belgium";2025-01-07;NA;NA;NA;11.7225788839472;646585820114.08;0.000182204872380918
"Belgium";2025-01-08;NA;NA;NA;11.8186126639308;670219768329.961;0.00017908514123149
"Belgium";2025-01-09;NA;NA;NA;11.8986013727617;690245806810.135;0.000176413123704744
"Belgium";2025-01-10;NA;NA;NA;11.96254501044;706663935554.605;0.000174188819800681
"Belgium";2025-01-11;NA;NA;NA;12.0104435769657;719474154563.37;0.000172412229519299
"Belgium";2025-01-12;NA;NA;NA;12.0422970723388;728676463836.429;0.0001710833528606
"Belgium";2025-01-13;11.6145296375043;383184948639.287;0.000177584884526448;12.0581054965592;734270863373.783;0.000170202189824583
"Belgium";2025-01-14;NA;NA;NA;12.0377299713668;730474655476.999;0.000170251507759201
"Belgium";2025-01-15;NA;NA;NA;11.9811704967616;717287840146.074;0.000171231306664455
"Belgium";2025-01-16;NA;NA;NA;11.8884270727434;694710417381.011;0.000173141586540344
"Belgium";2025-01-17;NA;NA;NA;11.7594996993124;662742387181.808;0.000175982347386868
"Belgium";2025-01-18;NA;NA;NA;11.5943883764686;621383749548.467;0.000179753589204028
"Belgium";2025-01-19;NA;NA;NA;11.3930931042119;570634504480.986;0.000184455311991823
"Belgium";2025-01-20;9.27182279756271;276965240309.723;0.000236383369524645;11.1556138825423;510494651979.365;0.000190087515750254
"Belgium";2025-01-21;NA;NA;NA;10.9216058799122;458653499444.669;0.000197027692586273
"Belgium";2025-01-22;NA;NA;NA;10.6910690963216;415111046876.897;0.00020527584249988
"Belgium";2025-01-23;NA;NA;NA;10.4640035317705;379867294276.048;0.000214831965491074
"Belgium";2025-01-24;NA;NA;NA;10.2404091862588;352922241642.124;0.000225696061559857
"Belgium";2025-01-25;NA;NA;NA;10.0202860597867;334275888975.124;0.000237868130706227
"Belgium";2025-01-26;NA;NA;NA;9.80363415235403;323928236275.047;0.000251348172930186
"Belgium";2025-01-27;8.63;354499610375.153;0.0003846170987481;9.59045346396086;321879283541.895;0.000266136188231733
"Belgium";2025-01-28;NA;NA;NA;9.46916240121095;322314370325.583;0.000278942594947339
"Belgium";2025-01-29;NA;NA;NA;9.43976096410431;325233496626.111;0.000289767393077004
"Belgium";2025-01-30;NA;NA;NA;9.50224915264092;330636662443.479;0.000298610582620728
"Belgium";2025-01-31;NA;NA;NA;9.6566269668208;338523867777.688;0.000305472163578512
"Belgium";2025-02-01;NA;NA;NA;9.90289440664394;348895112628.737;0.000310352135950356
"Belgium";2025-02-02;NA;NA;NA;10.2410514721103;361750396996.626;0.000313250499736258
"Belgium";2025-02-03;15.2924764730979;491715774695.932;0.000249217942324111;10.67109816322;377089720881.355;0.00031416725493622
"Belgium";2025-02-04;NA;NA;NA;11.0735349819648;390624450777.517;0.000312905869998099
"Belgium";2025-02-05;NA;NA;NA;11.4483619283448;402354586685.112;0.000309466344921894
"Belgium";2025-02-06;NA;NA;NA;11.7955790023599;412280128604.141;0.000303848679707607
"Belgium";2025-02-07;NA;NA;NA;12.1151862040102;420401076534.602;0.000296052874355236
"Belgium";2025-02-08;NA;NA;NA;12.4071835332956;426717430476.496;0.000286078928864782
"Belgium";2025-02-09;NA;NA;NA;12.6715709902162;431229190429.823;0.000273926843236244
"Belgium";2025-02-10;11.9448861837805;392399933881.797;0.000183993938015415;12.908348574772;433936356394.584;0.000259596617469624
"Belgium";2025-02-11;NA;NA;NA;13.0648728166707;434520475102.98;0.000247463916807482
"Belgium";2025-02-12;NA;NA;NA;13.1411437159123;432981546555.013;0.00023752874124982
"Belgium";2025-02-13;NA;NA;NA;13.1371612724968;429319570750.683;0.000229791090796636
"Belgium";2025-02-14;NA;NA;NA;13.0529254864243;423534547689.988;0.000224250965447931
"Belgium";2025-02-15;NA;NA;NA;12.8884363576947;415626477372.93;0.000220908365203704
"Belgium";2025-02-16;NA;NA;NA;12.6436938863081;405595359799.508;0.000219763290063957
"Belgium";2025-02-17;10.7425350764858;321557467078.935;0.000263952241830349;12.3186980722643;393441194969.723;0.000220815740028688
"Belgium";2025-02-18;NA;NA;NA;12.1237342163136;384899228932.856;0.000221934450291159
"Belgium";2025-02-19;NA;NA;NA;12.0588023184558;379969461688.908;0.000223119420851369
"Belgium";2025-02-20;NA;NA;NA;12.1239023786911;378651893237.878;0.000224370651709319
"Belgium";2025-02-21;NA;NA;NA;12.3190343970193;380946523579.767;0.000225688142865008
"Belgium";2025-02-22;NA;NA;NA;12.6441983734405;386853352714.575;0.000227071894318437
"Belgium";2025-02-23;NA;NA;NA;13.0993943079546;396372380642.302;0.000228521906069606
"Belgium";2025-02-24;20.1380766802806;576237107970.832;0.000205221746700129;13.6846222005618;409503607362.947;0.000230038178118514
"Belgium";2025-02-25;NA;NA;NA;14.2551239571543;422397176123.768;0.000230662562484751
"Belgium";2025-02-26;NA;NA;NA;14.8108995777321;435053086924.763;0.000230395059168316
"Belgium";2025-02-27;NA;NA;NA;15.3519490622952;447471339765.933;0.00022923566816921
"Belgium";2025-02-28;NA;NA;NA;15.8782724108437;459651934647.279;0.000227184389487432
"Belgium";2025-03-01;NA;NA;NA;16.3898696233776;471594871568.799;0.000224241223122983
"Belgium";2025-03-02;NA;NA;NA;16.8867406998967;483300150530.495;0.000220406169075862
"Belgium";2025-03-03;17.4925642435488;482104161105.121;0.000197775057613257;17.3688856404012;494767771532.365;0.00021567922734607
"Belgium";2025-03-04;NA;NA;NA;17.7371094136905;502981489998.462;0.00021200563357833
"Belgium";2025-03-05;NA;NA;NA;17.9914120197645;507941305928.785;0.000209385387772641
"Belgium";2025-03-06;NA;NA;NA;18.1317934586233;509647219323.335;0.000207818489929005
"Belgium";2025-03-07;NA;NA;NA;18.1582537302668;508099230182.111;0.000207304940047421
"Belgium";2025-03-08;NA;NA;NA;18.0707928346951;503297338505.113;0.000207844738127888
"Belgium";2025-03-09;NA;NA;NA;17.8694107719081;495241544292.342;0.000209437884170408
"Belgium";2025-03-10;15.7238314602499;417901353491.204;0.000242272662764132;17.5541075419059;483931847543.797;0.00021208437817498
"Belgium";2025-03-11;NA;NA;NA;17.2978946239182;474280575705.012;0.000214354807752385
"Belgium";2025-03-12;NA;NA;NA;17.1007720179449;466287728775.987;0.000216249172902625
"Belgium";2025-03-13;NA;NA;NA;16.9627397239861;459953306756.723;0.000217767473625698
"Belgium";2025-03-14;NA;NA;NA;16.8837977420417;455277309647.218;0.000218909709921605
"Belgium";2025-03-15;NA;NA;NA;16.8639460721118;452259737447.473;0.000219675881790346
"Belgium";2025-03-16;NA;NA;NA;16.9031847141963;450900590157.489;0.000220065989231921
"Belgium";2025-03-17;18.8691696009348;486294047781.978;0.000197971659814978;17.0015136682953;451199867777.264;0.000220080032246329
"Belgium";2025-03-18;NA;NA;NA;17.3386349671249;457990384741.959;0.000221406446677935
"Belgium";2025-03-19;NA;NA;NA;17.914548610685;471272141051.573;0.000224045232526737
"Belgium";2025-03-20;NA;NA;NA;18.7292545989757;491045136706.106;0.000227996389792735
"Belgium";2025-03-21;NA;NA;NA;19.782752931997;517309371705.558;0.000233259918475931
"Belgium";2025-03-22;NA;NA;NA;21.0750436097488;550064846049.93;0.000239835818576323
"Belgium";2025-03-23;NA;NA;NA;22.6061266322312;589311559739.22;0.000247724090093912
"Belgium";2025-03-24;40.5020866012314;1058232695970.14;0.000371081663851128;24.3760019994442;635049512773.43;0.000256924733028697
"Belgium";2025-03-25;NA;NA;NA;25.9960315530989;676816707100.683;0.00026626199832567
"Belgium";2025-03-26;NA;NA;NA;27.4662152931953;714613142720.979;0.000275735885984831
"Belgium";2025-03-27;NA;NA;NA;28.7865532197334;748438819634.317;0.000285346396006179
"Belgium";2025-03-28;NA;NA;NA;29.9570453327133;778293737840.698;0.000295093528389716
"Belgium";2025-03-29;NA;NA;NA;30.9776916321348;804177897340.123;0.000304977283135439
"Belgium";2025-03-30;NA;NA;NA;31.8484921179981;826091298132.59;0.000314997660243351
"Belgium";2025-03-31;28.9625350132048;737491036979.12;0.000340169652396367;32.5694467903031;844033940218.1;0.00032515465971345
"Belgium";2025-04-01;NA;NA;NA;33.052759703528;855501115253.301;0.000333731789853325
"Belgium";2025-04-02;NA;NA;NA;33.2984308576728;860492823238.194;0.000340729050662976
"Belgium";2025-04-03;NA;NA;NA;33.3064602527375;859009064172.777;0.000346146442142402
"Belgium";2025-04-04;NA;NA;NA;33.0768478887221;851049838057.052;0.000349983964291605
"Belgium";2025-04-05;NA;NA;NA;32.6095937656266;836615144891.017;0.000352241617110583
"Belgium";2025-04-06;NA;NA;NA;31.904697883451;815704984674.674;0.000352919400599337
"Belgium";2025-04-07;27.3065596236514;674833914237.009;0.000358452462070548;30.9621602421953;788319357408.021;0.000352017314757867
"Belgium";2025-04-08;NA;NA;NA;30.215466931722;766447869502.568;0.000351783785085818
"Belgium";2025-04-09;NA;NA;NA;29.6646179520312;750090520958.314;0.00035221881158319
"Belgium";2025-04-10;NA;NA;NA;29.3096133031228;739247311775.259;0.000353322394249982
"Belgium";2025-04-11;NA;NA;NA;29.150452984997;733918241953.403;0.000355094533086195
"Belgium";2025-04-12;NA;NA;NA;29.1871369976535;734103311492.746;0.000357535228091829
"Belgium";2025-04-13;NA;NA;NA;29.4196653410925;739802520393.288;0.000360644479266884
"Belgium";2025-04-14;34.9597524523054;894477912643.499;0.000393058955219023;29.848038015314;751015868655.03;0.000364422286611359
"Belgium";2025-04-15;NA;NA;NA;30.2568018358348;762244461333.46;0.000369238472711515
"Belgium";2025-04-16;NA;NA;NA;30.6459568026549;773488298428.579;0.000375093037567353
"Belgium";2025-04-17;NA;NA;NA;31.0155029157744;784747379940.386;0.00038198598117887
"Belgium";2025-04-18;NA;NA;NA;31.3654401751932;796021705868.882;0.000389917303546069
"Belgium";2025-04-19;NA;NA;NA;31.6957685809113;807311276214.066;0.000398887004668949
"Belgium";2025-04-20;NA;NA;NA;32.0064881329287;818616090975.939;0.00040889508454751
"Belgium";2025-04-21;31.3821094000861;833314742736.873;0.000513102882949927;32.2975988312455;829936150154.501;0.000419941543181751
"Belgium";2025-04-22;NA;NA;NA;32.5143259936533;838250626993.761;0.000429946569768453
"Belgium";2025-04-23;NA;NA;NA;32.656669620152;843559521493.719;0.000438910164307616
"Belgium";2025-04-24;NA;NA;NA;32.7246297107418;845862833654.375;0.000446832326799241
"Belgium";2025-04-25;NA;NA;NA;32.7182062654226;845160563475.73;0.000453713057243326
"Belgium";2025-04-26;NA;NA;NA;32.6373992841944;841452710957.783;0.000459552355639872
"Belgium";2025-04-27;NA;NA;NA;32.4822087670573;834739276100.534;0.00046435022198888
"Belgium";2025-04-28;31.745715709659;758411671891.789;0.000445649035439579;32.2526347140111;825020258903.983;0.000468106656290348
"Belgium";2025-04-29;NA;NA;NA;32.089277889823;817096488536.34;0.000468950171612421
"Belgium";2025-04-30;NA;NA;NA;31.9921382944931;810967964997.603;0.000466880767955099
"Belgium";2025-05-01;NA;NA;NA;31.9612159280213;806634688287.773;0.000461898445318381
"Belgium";2025-05-02;NA;NA;NA;31.9965107904075;804096658406.851;0.000454003203702269
"Belgium";2025-05-03;NA;NA;NA;32.0980228816519;803353875354.836;0.000443195043106761
"Belgium";2025-05-04;NA;NA;NA;32.2657522017545;804406339131.728;0.000429473963531857
"Belgium";2025-05-05;34.657361085535;873182691218.057;0.000280226903189748;32.4996987507151;807254049737.526;0.000412839964977559
"Belgium";2025-05-06;NA;NA;NA;32.6889084978223;810297785388.08;0.000397513512981313
"Belgium";2025-05-07;NA;NA;NA;32.8333814430761;813537546083.389;0.000383494607543119
"Belgium";2025-05-08;NA;NA;NA;32.9331175864766;816973331823.453;0.000370783248662977
"Belgium";2025-05-09;NA;NA;NA;32.9881169280236;820605142608.272;0.000359379436340888
"Belgium";2025-05-10;NA;NA;NA;32.9983794677172;824432978437.847;0.00034928317057685
"Belgium";2025-05-11;NA;NA;NA;32.9639052055575;828456839312.176;0.000340494451370866
"Belgium";2025-05-12;30.6367608134746;817490074758.969;0.000340912618368523;32.8846941415443;832676725231.26;0.000333013278722933
"Belgium";2025-05-13;NA;NA;NA;32.7512609413945;834187637933.292;0.000327495827052762
"Belgium";2025-05-14;NA;NA;NA;32.5636056051081;832989577418.27;0.000323942096360353
"Belgium";2025-05-15;NA;NA;NA;32.321728132685;829082543686.196;0.000322352086645705
"Belgium";2025-05-16;NA;NA;NA;32.0256285241254;822466536737.069;0.000322725797908819
"Belgium";2025-05-17;NA;NA;NA;31.6753067794291;813141556570.889;0.000325063230149695
"Belgium";2025-05-18;NA;NA;NA;31.2707628985961;801107603187.656;0.000329364383368332
"Belgium";2025-05-19;28.2346368479613;666781718814.058;0.000367935141939335;30.8119968816266;786364676587.37;0.000335629257564732
"Belgium";2025-05-20;NA;NA;NA;30.4695021548974;773926183117.99;0.000342502190329005
"Belgium";2025-05-21;NA;NA;NA;30.2432787184085;763792122779.516;0.000349983181661154
"Belgium";2025-05-22;NA;NA;NA;30.13332657216;755962495571.947;0.000358072231561177
"Belgium";2025-05-23;NA;NA;NA;30.1396457161518;750437301495.284;0.000366769340029074
"Belgium";2025-05-24;NA;NA;NA;30.262236150384;747216540549.527;0.000376074507064847
"Belgium";2025-05-25;NA;NA;NA;30.5010978748565;746300212734.675;0.000385987732668494
"Belgium";2025-05-26;35.6086230194546;836923549183.722;0.000488210596769826;30.8562308895694;747688318050.729;0.000396509016840015
"Belgium";2025-05-27;NA;NA;NA;31.2424323447295;751020110727.73;0.000406179650531122
"Belgium";2025-05-28;NA;NA;NA;31.6597022403368;756295590765.679;0.000414999633741813
"Belgium";2025-05-29;NA;NA;NA;32.1080405763915;763514758164.575;0.000422968966472089
"Belgium";2025-05-30;NA;NA;NA;32.5874473528933;772677612924.419;0.000430087648721951
"Belgium";2025-05-31;NA;NA;NA;33.0979225698424;783784155045.211;0.000436355680491396
"Belgium";2025-06-01;NA;NA;NA;33.6394662272388;796834384526.949;0.000441773061780427
"Belgium";2025-06-02;36.2512062177719;876696554611.67;0.000431869373259953;34.2120783250824;811828301369.636;0.000446339792589043
"Belgium";2025-06-03;NA;NA;NA;34.8770657430688;829227160950.213;0.000450602474837588
"Belgium";2025-06-04;NA;NA;NA;35.6344284811979;849030963268.68;0.000454561108526063
"Belgium";2025-06-05;NA;NA;NA;36.4841665394697;871239708325.036;0.000458215693654469
"Belgium";2025-06-06;NA;NA;NA;37.4262799178843;895853396119.283;0.000461566230222804
"Belgium";2025-06-07;NA;NA;NA;38.4607686164416;922872026651.421;0.000464612718231069
"Belgium";2025-06-08;NA;NA;NA;39.5876326351416;952295599921.448;0.000467355157679264
"Belgium";2025-06-09;52.6779737632536;1282522773294.56;0.000522348069203576;40.8068719739844;984124115929.365;0.000469793548567389
"Belgium";2025-06-10;NA;NA;NA;41.8164560628653;1009892362013.18;0.000471453197373034
"Belgium";2025-06-11;NA;NA;NA;42.6163849017842;1029600338172.89;0.0004723341040962
"Belgium";2025-06-12;NA;NA;NA;43.2066584907412;1043248044408.5;0.000472436268736885
"Belgium";2025-06-13;NA;NA;NA;43.5872768297363;1050835480720;0.000471759691295091
"Belgium";2025-06-14;NA;NA;NA;43.7582399187695;1052362647107.4;0.000470304371770817
"Belgium";2025-06-15;NA;NA;NA;43.7195477578408;1047829543570.69;0.000468070310164064
"Belgium";2025-06-16;32.7743424653028;728389326160.365;0.000389690121610684;43.4712003469501;1037236170109.89;0.00046505750647483
"Belgium";2025-06-17;NA;NA;NA;42.984521103345;1020763341587.53;0.00046011260303275
"Belgium";2025-06-18;NA;NA;NA;42.2595100270253;998411058003.611;0.000453235599837822
"Belgium";2025-06-19;NA;NA;NA;41.2961671179912;970179319358.142;0.000444426496890048
"Belgium";2025-06-20;NA;NA;NA;40.0944923762425;936068125651.119;0.000433685294189427
"Belgium";2025-06-21;NA;NA;NA;38.6544858017793;896077476882.542;0.000421011991735959
"Belgium";2025-06-22;NA;NA;NA;36.9761473946016;850207373052.412;0.000406406589529644
"Belgium";2025-06-23;25.844590404763;558028948810.985;0.00029082304177531;35.0594771547095;798457814160.728;0.000389869087570482
"Belgium";2025-06-24;NA;NA;NA;33.1905252778852;748920395825.851;0.00037346891863117
"Belgium";2025-06-25;NA;NA;NA;31.369291764129;701595118047.782;0.000357206082711708
"Belgium";2025-06-26;NA;NA;NA;29.5957766134407;656481980826.521;0.000341080579812095
"Belgium";2025-06-27;NA;NA;NA;27.8699798258203;613580984162.067;0.000325092409932332
"Belgium";2025-06-28;NA;NA;NA;26.191901401268;572892128054.422;0.000309241573072419
"Belgium";2025-06-29;NA;NA;NA;24.5615413397836;534415412503.583;0.000293528069232355
"Belgium";2025-06-30;10.6173586874727;220685276243.937;0.000171623730127688;22.9788996413671;498150837509.553;0.000277951898412141
"Belgium";2025-07-01;NA;NA;NA;21.515441862901;469537641510.331;0.000264315591111676
"Belgium";2025-07-02;NA;NA;NA;20.171168004385;448575824505.918;0.00025261914733096
"Belgium";2025-07-03;NA;NA;NA;18.9460780658194;435265386496.314;0.000242862567069993
"Belgium";2025-07-04;NA;NA;NA;17.840172047204;429606327481.518;0.000235045850328775
"Belgium";2025-07-05;NA;NA;NA;16.8534499485388;431598647461.532;0.000229168997107306
"Belgium";2025-07-06;NA;NA;NA;15.985911769824;441242346436.354;0.000225232007405586
"Belgium";2025-07-07;15.3676307820583;800160040385.818;0.000262863275227716;15.2375575110594;458537424405.985;0.000223234881223615
"Belgium";2025-07-08;NA;NA;NA;14.6395932650714;474261597210.939;0.000222126931288598
"Belgium";2025-07-09;NA;NA;NA;14.1920190318601;488414864851.216;0.000221908157600533
"Belgium";2025-07-10;NA;NA;NA;13.8948348114255;500997227326.817;0.000222578560159422
"Belgium";2025-07-11;NA;NA;NA;13.7480406037675;512008684637.74;0.000224138138965265
"Belgium";2025-07-12;NA;NA;NA;13.7516364088862;521449236783.987;0.000226586894018061
"Belgium";2025-07-13;NA;NA;NA;13.9056222267816;529318883765.558;0.00022992482531781
"Belgium";2025-07-14;14.878620316881;308867661680.445;0.000230803235781525;14.2099980574536;535617625582.451;0.000234151932864513
"Belgium";2025-07-15;NA;NA;NA;14.444800912708;537402621768.841;0.000237077918780434
"Belgium";2025-07-16;NA;NA;NA;14.6100307925448;534673872324.729;0.000238702783065573
"Belgium";2025-07-17;NA;NA;NA;14.7056876969639;527431377250.114;0.000239026525719931
"Belgium";2025-07-18;NA;NA;NA;14.7317716259654;515675136544.996;0.000238049146743507
"Belgium";2025-07-19;NA;NA;NA;14.6882825795493;499405150209.375;0.000235770646136302
"Belgium";2025-07-20;NA;NA;NA;14.5752205577155;478621418243.251;0.000232191023898315
"Belgium";2025-07-21;12.8107408205389;445995354033.044;0.000194532861064956;14.3925855604641;453323940646.624;0.000227310280029546
"Belgium";2025-07-22;NA;NA;NA;14.3593382080655;434630312435.811;0.000224449183766824
"Belgium";2025-07-23;NA;NA;NA;14.4754785005195;422540533610.81;0.000223607735110148
"Belgium";2025-07-24;NA;NA;NA;14.7410064378264;417054604171.623;0.000224785934059519
"Belgium";2025-07-25;NA;NA;NA;15.1559220199859;418172524118.249;0.000227983780614937
"Belgium";2025-07-26;NA;NA;NA;15.7202252469982;425894293450.688;0.0002332012747764
"Belgium";2025-07-27;NA;NA;NA;16.4339161188632;440219912168.94;0.00024043841654391
"Belgium";2025-07-28;26.9617195509297;601880215137.359;0.000360398287011318;17.296994635581;461149380273.005;0.000249695205917467
"Belgium";2025-07-29;NA;NA;NA;18.1706077451698;480537551870.742;0.000258640138908054
"Belgium";2025-07-30;NA;NA;NA;19.0547554476296;498384426962.149;0.000267273215515673
"Belgium";2025-07-31;NA;NA;NA;19.9494377429603;514690005547.228;0.000275594435740321
"Belgium";2025-08-01;NA;NA;NA;20.8546546311621;529454287625.977;0.000283603799582001
"Belgium";2025-08-02;NA;NA;NA;21.7704061122349;542677273198.398;0.000291301307040711
"Belgium";2025-08-03;NA;NA;NA;22.6966921861787;554358962264.49;0.000298686958116452
"Belgium";2025-08-04;25.9262301559463;587960849869.726;0.000293565986763762;23.6335128529936;564499354824.253;0.000305760752809224
"Belgium";2025-08-05;NA;NA;NA;24.4714510943359;573119881576.671;0.00031116676873373
"Belgium";2025-08-06;NA;NA;NA;25.2105069102058;580220542521.744;0.000314905005889969
"Belgium";2025-08-07;NA;NA;NA;25.8506803006033;585801337659.472;0.000316975464277942
"Belgium";2025-08-08;NA;NA;NA;26.3919712655283;589862266989.855;0.000317378143897648
"Belgium";2025-08-09;NA;NA;NA;26.8343798049808;592403330512.893;0.000316113044749088
"Belgium";2025-08-10;NA;NA;NA;27.1779059189609;593424528228.587;0.000313180166832262
"Belgium";2025-08-11;30.3867311900364;594898861854.233;0.000295989093420024;27.4225496074685;592925860136.935;0.00030857951014717
"Belgium";2025-08-12;NA;NA;NA;27.6368880146605;591989520251.263;0.000304873868986198
"Belgium";2025-08-13;NA;NA;NA;27.8209211405369;590615508571.57;0.000302063243349346
"Belgium";2025-08-14;NA;NA;NA;27.9746489850978;588803825097.858;0.000300147633236615
"Belgium";2025-08-15;NA;NA;NA;28.098071548343;586554469830.125;0.000299127038648004
"Belgium";2025-08-16;NA;NA;NA;28.1911888302727;583867442768.371;0.000299001459583514
"Belgium";2025-08-17;NA;NA;NA;28.2540008308867;580742743912.598;0.000299770896043144
"Belgium";2025-08-18;26.3813242261247;538087660772.613;0.000316868314536267;28.2865075501852;577180373262.804;0.000301435348026894
"Belgium";2025-08-19;NA;NA;NA;28.3230486450457;574597508519.303;0.000303647427888697
"Belgium";2025-08-20;NA;NA;NA;28.3636241154684;572994149682.094;0.000306407135628554
"Belgium";2025-08-21;NA;NA;NA;28.4082339614531;572370296751.178;0.000309714471246463
"Belgium";2025-08-22;NA;NA;NA;28.456878183;572725949726.555;0.000313569434742425
"Belgium";2025-08-23;NA;NA;NA;28.5095567801089;574061108608.224;0.00031797202611644
"Belgium";2025-08-24;NA;NA;NA;28.5662697527799;576375773396.186;0.000322922245368508
"Belgium";2025-08-25;31.2371940652999;641017251573.794;0.000372958953241716;28.627017101013;579669944090.44;0.000328420092498629
"Belgium";2025-08-26;NA;NA;NA;28.8128981988054;587032973911.191;0.00035671669371074
"Belgium";2025-08-27;NA;NA;NA;29.123913046157;598464862858.436;0.000407812049004842
"Belgium";2025-08-28;NA;NA;NA;29.5600616430678;613965610932.178;0.000481706158380934
"Belgium";2025-08-29;NA;NA;NA;30.1213439895379;633535218132.415;0.000578399021839017
"Belgium";2025-08-30;NA;NA;NA;30.8077600855672;657173684459.148;0.00069789063937909
"Belgium";2025-08-31;NA;NA;NA;31.6193099311558;684881009912.377;0.000840181011001154
"Belgium";2025-09-01;39.4948945581942;982954244888.755;0.00262811607439303;32.5559935263036;716657194492.101;0.00100527013670521
"Belgium";2025-09-02;NA;NA;NA;33.2075999199393;741498790459.692;0.00115976826777813
"Belgium";2025-09-03;NA;NA;NA;33.574129112063;759405797815.148;0.00130367540421992
"Belgium";2025-09-04;NA;NA;NA;33.6555811026746;770378216558.471;0.00143699154603057
"Belgium";2025-09-05;NA;NA;NA;33.4519558917741;774416046689.659;0.00155971669321009
"Belgium";2025-09-06;NA;NA;NA;32.9632534793615;771519288208.714;0.00167185084575847
"Belgium";2025-09-07;NA;NA;NA;32.1894738654369;761687941115.634;0.00177339400367572
"Belgium";2025-09-08;16.4131986491857;406294151700.805;0.00164628923924734;31.1306170500001;744922005410.421;0.00186434616696183
"Belgium";2025-09-09;NA;NA;NA;30.1545230629634;734035524256.237;0.00193928637222374
"Belgium";2025-09-10;NA;NA;NA;29.2611919043268;729028497653.082;0.00199821461946142
"Belgium";2025-09-11;NA;NA;NA;28.4506235740903;729900925600.958;0.00204113090867489
"Belgium";2025-09-12;NA;NA;NA;27.7228180722538;736652808099.863;0.00206803523986414
"Belgium";2025-09-13;NA;NA;NA;27.0777753988173;749284145149.797;0.00207892761302918
"Belgium";2025-09-14;NA;NA;NA;26.515495553781;767794936750.761;0.00207380802817
"Belgium";2025-09-15;32.7816563252857;1324417691016.66;0.00233227447402553;26.0359785371447;792185182902.754;0.00205267648528661
"Belgium";2025-09-16;NA;NA;NA;25.6969718308107;814653830311.133;0.00204263488772237
"Belgium";2025-09-17;NA;NA;NA;25.4984754347792;835200878975.896;0.00204368323547726
"Belgium";2025-09-18;NA;NA;NA;25.4404893490501;853826328897.044;0.0020558215285513
"Belgium";2025-09-19;NA;NA;NA;25.5230135736233;870530180074.577;0.00207904976694449
"Belgium";2025-09-20;NA;NA;NA;25.746048108499;885312432508.495;0.00211336795065682
"Belgium";2025-09-21;NA;NA;NA;26.109592953677;898173086198.798;0.0021587760796883
"Belgium";2025-09-22;23.4699708259119;559440920954.435;0.00243726228015605;26.6136481091575;909112141145.486;0.00221527415403892
"Belgium";2025-09-23;NA;NA;NA;27.0468884403952;912818885694.64;0.00226981205845496
"Belgium";2025-09-24;NA;NA;NA;27.4093139473901;909293319846.258;0.00232238979293641
"Belgium";2025-09-25;NA;NA;NA;27.7009246301423;898535443600.342;0.00237300735748327
"Belgium";2025-09-26;NA;NA;NA;27.9217204886518;880545256956.892;0.00242166475209554
"Belgium";2025-09-27;NA;NA;NA;28.0717015229185;855322759915.907;0.00246836197677323
"Belgium";2025-09-28;NA;NA;NA;28.1508677329425;822867952477.387;0.00251309903151633
"Belgium";2025-09-29;32.8985757262228;768798041311.907;0.00293115086134472;28.1592191187237;783180834641.333;0.00255587591632484
"Belgium";2025-09-30;NA;NA;NA;28.1642859788225;748823230639.75;0.0025946067388046
"Belgium";2025-10-01;NA;NA;NA;28.1660683132388;719795140472.637;0.00262929149895561
"Belgium";2025-10-02;NA;NA;NA;28.1645661219727;696096564139.994;0.00265993019677787
"Belgium";2025-10-03;NA;NA;NA;28.1597794050241;677727501641.823;0.00268652283227137
"Belgium";2025-10-04;NA;NA;NA;28.1517081623931;664687952978.122;0.00270906940543612
"Belgium";2025-10-05;NA;NA;NA;28.1403523940797;656977918148.891;0.00272756991627212
"Belgium";2025-10-06;23.2650067099696;526113627027.798;0.00263962455925749;28.1257121000838;654597397154.132;0.00274202436477937
"Belgium";2025-10-07;NA;NA;NA;27.980420440495;648753339887.649;0.00274977132432414
"Belgium";2025-10-08;NA;NA;NA;27.7044774153133;639445746349.445;0.00275081079490643
"Belgium";2025-10-09;NA;NA;NA;27.2978830245386;626674616539.518;0.00274514277652625
"Belgium";2025-10-10;NA;NA;NA;26.7606372681709;610439950457.868;0.00273276726918359
"Belgium";2025-10-11;NA;NA;NA;26.0927401462104;590741748104.496;0.00271368427287846
"Belgium";2025-10-12;NA;NA;NA;25.2941916586569;567580009479.402;0.00268789378761085
"Belgium";2025-10-13;19.8897777821726;396044192756.47;0.00247617922212355;24.3649918055104;540954734582.585;0.00265539581338077
"Belgium";2025-10-14;NA;NA;NA;23.527397293139;520996364145.716;0.00262037732646147
"Belgium";2025-10-15;NA;NA;NA;22.7814081215427;507704898168.795;0.00258283832685296
"Belgium";2025-10-16;NA;NA;NA;22.1270242907214;501080336651.823;0.00254277881455524
"Belgium";2025-10-17;NA;NA;NA;21.5642458006752;501122679594.799;0.0025001987895683
"Belgium";2025-10-18;NA;NA;NA;21.093072651404;507831926997.722;0.00245509825189215
"Belgium";2025-10-19;NA;NA;NA;20.7135048429078;521208078860.595;0.00240747720152679
"Belgium";2025-10-20;19.2335321618744;806716415547.28;0.00193764267649339;20.4255423751867;541251135183.415;0.00235733563847221
"Belgium";2025-10-21;NA;NA;NA;20.1491838281311;564456024878.565;0.00230602537824662
"Belgium";2025-10-22;NA;NA;NA;19.8844292017408;590822747946.046;0.00225354642085003
"Belgium";2025-10-23;NA;NA;NA;19.631278496016;620351304385.857;0.00219989876628244
"Belgium";2025-10-24;NA;NA;NA;19.3897317109566;653041694197.998;0.00214508241454383
"Belgium";2025-10-25;NA;NA;NA;19.1597888465626;688893917382.47;0.00208909736563422
"Belgium";2025-10-26;NA;NA;NA;18.941449902834;727907973939.271;0.00203194361955361
"Belgium";2025-10-27;16.9954874592882;986506651764.319;0.00165966501660086;18.7347148797708;770083863868.403;0.00197362117630199
"Belgium";2025-10-28;NA;NA;NA;18.4691484470055;800437001219.952;0.00191800073106305
"Belgium";2025-10-29;NA;NA;NA;18.1447506045381;818967385993.918;0.0018650822838368
"Belgium";2025-10-30;NA;NA;NA;17.7615213523686;825675018190.301;0.00181486583462323
"Belgium";2025-10-31;NA;NA;NA;17.319460690497;820559897809.1;0.00176735138342234
"Belgium";2025-11-01;NA;NA;NA;16.8185686189233;803622024850.316;0.00172253893023414
"Belgium";2025-11-02;NA;NA;NA;16.2588451376474;774861399313.949;0.00168042847505862
"Belgium";2025-11-03;10.573763688183;238549121951.976;0.00138592427621368;15.6402902466695;734278021199.998;0.00164102001789578
"Belgium";2025-11-04;NA;NA;NA;15.0934851658955;693496192227.117;0.00160401103230362
"Belgium";2025-11-05;NA;NA;NA;14.6184298953256;652515912395.305;0.00156940151828213
"Belgium";2025-11-06;NA;NA;NA;14.2151244349597;611337181704.561;0.00153719147583132
"Belgium";2025-11-07;NA;NA;NA;13.8835687847977;569960000154.887;0.00150738090495118
"Belgium";2025-11-08;NA;NA;NA;13.6237629448398;528384367746.281;0.00147996980564171
"Belgium";2025-11-09;NA;NA;NA;13.4357069150859;486610284478.745;0.00145495817790293
"Belgium";2025-11-10;15.3672003855895;398891173993.773;0.00134309483024725;13.319400695536;444637750352.277;0.00143234602173481
"Belgium";2025-11-11;NA;NA;NA;13.2420719961144;409702154602.241;0.00141126927855221
"Belgium";2025-11-12;NA;NA;NA;13.2037208168213;381803497228.637;0.00139172794835511
"Belgium";2025-11-13;NA;NA;NA;13.2043471576565;360941778231.463;0.00137372203114352
"Belgium";2025-11-14;NA;NA;NA;13.24395101862;347116997610.721;0.00135725152691745
"Belgium";2025-11-15;NA;NA;NA;13.3225323997119;340329155366.411;0.00134231643567688
"Belgium";2025-11-16;NA;NA;NA;13.4400913009322;340578251498.532;0.00132891675742182
"Belgium";2025-11-17;12.7652735870643;340553605071.711;0.00121982456244002;13.5966277222809;347864286007.084;0.00131705249215228
"Belgium";2025-11-18;NA;NA;NA;13.7751268867871;361316156209.003;0.00131350163222919
"Belgium";2025-11-19;NA;NA;NA;13.975588794451;380933862104.289;0.00131826417765255
"Belgium";2025-11-20;NA;NA;NA;14.1980134452723;406717403692.94;0.00133134012842237
"Belgium";2025-11-21;NA;NA;NA;14.4424008392513;438666780974.958;0.00135272948453865
"Belgium";2025-11-22;NA;NA;NA;14.7087509763878;476781993950.343;0.00138243224600138
"Belgium";2025-11-23;NA;NA;NA;14.9970638566819;521063042619.093;0.00142044841281057
"Belgium";2025-11-24;19.7110591139129;1105147555063.41;0.00199170884042627;15.3073394801336;571509926981.211;0.00146677798496621
